resource_type,anchor_type,anchors_with_resource,total_anchors_in_dataset,coverage_rate,total_resources,min,max,mean,median,std_dev,p25,p75,p90,p99,diz
Condition,per_encounter,26,24321,0.0011,36,1,5,1.38,1.0,1.1,1,1,2,5,DIZ-A
Condition,per_patient,12101,12101,1.0,12342,1,10,1.02,1.0,0.35,1,1,1,1,DIZ-A
Consent,per_patient,9687,12101,0.8005,9687,1,1,1.0,1.0,0.0,1,1,1,1,DIZ-A
Encounter,per_encounter,12157,24321,0.4999,12164,1,3,1.0,1.0,0.03,1,1,1,1,DIZ-A
Encounter,per_patient,12101,12101,1.0,24321,2,30,2.01,2.0,0.51,2,2,2,2,DIZ-A
MedicationAdministration,per_encounter,32,24321,0.0013,164,1,21,5.12,3.5,5.31,1,7,10,21,DIZ-A
MedicationAdministration,per_patient,32,12101,0.0026,165,1,21,5.16,3.5,5.33,1,7,10,21,DIZ-A
MedicationStatement,per_encounter,60,24321,0.0025,3600,1,315,60.0,44.0,58.82,16,84,143,315,DIZ-A
MedicationStatement,per_patient,60,12101,0.005,3600,1,315,60.0,44.0,58.82,16,84,143,315,DIZ-A
Observation,per_encounter,12146,24321,0.4994,18640,1,918,1.53,1.0,13.5,1,1,1,1,DIZ-A
Observation,per_patient,12090,12101,0.9991,19174,1,918,1.59,1.0,13.73,1,1,1,1,DIZ-A
Procedure,per_patient,23,12101,0.0019,47,1,6,2.04,1.0,1.46,1,3,4,6,DIZ-A
Condition,per_encounter,26,24321,0.0011,36,1,5,1.38,1.0,1.1,1,1,2,5,DIZ-B
Condition,per_patient,12101,12101,1.0,12342,1,10,1.02,1.0,0.35,1,1,1,1,DIZ-B
Consent,per_patient,9687,12101,0.8005,9687,1,1,1.0,1.0,0.0,1,1,1,1,DIZ-B
Encounter,per_encounter,12157,24321,0.4999,12164,1,3,1.0,1.0,0.03,1,1,1,1,DIZ-B
Encounter,per_patient,12101,12101,1.0,24321,2,30,2.01,2.0,0.51,2,2,2,2,DIZ-B
MedicationAdministration,per_encounter,32,24321,0.0013,164,1,21,5.12,3.5,5.31,1,7,10,21,DIZ-B
MedicationAdministration,per_patient,32,12101,0.0026,165,1,21,5.16,3.5,5.33,1,7,10,21,DIZ-B
MedicationStatement,per_encounter,60,24321,0.0025,3600,1,315,60.0,44.0,58.82,16,84,143,315,DIZ-B
MedicationStatement,per_patient,60,12101,0.005,3600,1,315,60.0,44.0,58.82,16,84,143,315,DIZ-B
Observation,per_encounter,12146,24321,0.4994,18640,1,918,1.53,1.0,13.5,1,1,1,1,DIZ-B
Observation,per_patient,12090,12101,0.9991,19174,1,918,1.59,1.0,13.73,1,1,1,1,DIZ-B
Procedure,per_patient,23,12101,0.0019,47,1,6,2.04,1.0,1.46,1,3,4,6,DIZ-B
Condition,per_encounter,26,24321,0.0011,36,1,5,1.38,1.0,1.1,1,1,2,5,DIZ-C
Condition,per_patient,12101,12101,1.0,12342,1,10,1.02,1.0,0.35,1,1,1,1,DIZ-C
Consent,per_patient,9687,12101,0.8005,9687,1,1,1.0,1.0,0.0,1,1,1,1,DIZ-C
Encounter,per_encounter,12157,24321,0.4999,12164,1,3,1.0,1.0,0.03,1,1,1,1,DIZ-C
Encounter,per_patient,12101,12101,1.0,24321,2,30,2.01,2.0,0.51,2,2,2,2,DIZ-C
MedicationAdministration,per_encounter,32,24321,0.0013,164,1,21,5.12,3.5,5.31,1,7,10,21,DIZ-C
MedicationAdministration,per_patient,32,12101,0.0026,165,1,21,5.16,3.5,5.33,1,7,10,21,DIZ-C
MedicationStatement,per_encounter,60,24321,0.0025,3600,1,315,60.0,44.0,58.82,16,84,143,315,DIZ-C
MedicationStatement,per_patient,60,12101,0.005,3600,1,315,60.0,44.0,58.82,16,84,143,315,DIZ-C
Observation,per_encounter,12146,24321,0.4994,18640,1,918,1.53,1.0,13.5,1,1,1,1,DIZ-C
Observation,per_patient,12090,12101,0.9991,19174,1,918,1.59,1.0,13.73,1,1,1,1,DIZ-C
Procedure,per_patient,23,12101,0.0019,47,1,6,2.04,1.0,1.46,1,3,4,6,DIZ-C
