resource_type,total_resources,with_patient_reference,without_patient_reference,patient_linkage_rate,with_encounter_reference,encounter_linkage_rate,diz
Condition,12342,12342,0,1.0,36,0.0029,DIZ-A
Consent,9687,9687,0,1.0,0,0.0,DIZ-A
Encounter,24321,24321,0,1.0,12164,0.5001,DIZ-A
Medication,242,0,242,0.0,0,0.0,DIZ-A
MedicationAdministration,165,165,0,1.0,164,0.9939,DIZ-A
MedicationStatement,3600,3600,0,1.0,3600,1.0,DIZ-A
Observation,19174,19174,0,1.0,18640,0.9721,DIZ-A
Patient,12101,0,12101,0.0,0,0.0,DIZ-A
Procedure,47,47,0,1.0,0,0.0,DIZ-A
Condition,12342,12342,0,1.0,36,0.0029,DIZ-B
Consent,9687,9687,0,1.0,0,0.0,DIZ-B
Encounter,24321,24321,0,1.0,12164,0.5001,DIZ-B
Medication,242,0,242,0.0,0,0.0,DIZ-B
MedicationAdministration,165,165,0,1.0,164,0.9939,DIZ-B
MedicationStatement,3600,3600,0,1.0,3600,1.0,DIZ-B
Observation,19174,19174,0,1.0,18640,0.9721,DIZ-B
Patient,12101,0,12101,0.0,0,0.0,DIZ-B
Procedure,47,47,0,1.0,0,0.0,DIZ-B
Condition,12342,12342,0,1.0,36,0.0029,DIZ-C
Consent,9687,9687,0,1.0,0,0.0,DIZ-C
Encounter,24321,24321,0,1.0,12164,0.5001,DIZ-C
Medication,242,0,242,0.0,0,0.0,DIZ-C
MedicationAdministration,165,165,0,1.0,164,0.9939,DIZ-C
MedicationStatement,3600,3600,0,1.0,3600,1.0,DIZ-C
Observation,19174,19174,0,1.0,18640,0.9721,DIZ-C
Patient,12101,0,12101,0.0,0,0.0,DIZ-C
Procedure,47,47,0,1.0,0,0.0,DIZ-C
