resource_type,field_path,DIZ-A,DIZ-B,DIZ-C
Condition,Condition,,1.0,1.0
Condition,Condition.code,,1.0,1.0
Condition,Condition.code.coding[],1.0,1.0,1.0
Condition,Condition.code.coding[].code,1.0,1.0,1.0
Condition,Condition.code.coding[].system,1.0,1.0,1.0
Condition,Condition.code.coding[].version,1.0,1.0,1.0
Condition,Condition.code.text,1.0,1.0,1.0
Condition,Condition.encounter,,0.0,0.0
Condition,Condition.encounter.reference,0.0,0.0,0.0
Condition,Condition.id,1.0,1.0,1.0
Condition,Condition.identifier[],1.0,1.0,1.0
Condition,Condition.identifier[].value,1.0,1.0,1.0
Condition,Condition.meta,,1.0,1.0
Condition,Condition.meta.profile[],1.0,1.0,1.0
Condition,Condition.recordedDate,1.0,1.0,1.0
Condition,Condition.resourceType,1.0,1.0,1.0
Condition,Condition.subject,,1.0,1.0
Condition,Condition.subject.reference,1.0,1.0,1.0
Consent,Consent,,1.0,1.0
Consent,Consent.category[],1.0,1.0,1.0
Consent,Consent.category[].coding[],1.0,1.0,1.0
Consent,Consent.category[].coding[].code,1.0,1.0,1.0
Consent,Consent.category[].coding[].system,1.0,1.0,1.0
Consent,Consent.dateTime,1.0,1.0,1.0
Consent,Consent.id,1.0,1.0,1.0
Consent,Consent.meta,,1.0,1.0
Consent,Consent.meta.profile[],1.0,1.0,1.0
Consent,Consent.patient,,1.0,1.0
Consent,Consent.patient.reference,1.0,1.0,1.0
Consent,Consent.policy[],1.0,1.0,1.0
Consent,Consent.policy[].uri,1.0,1.0,1.0
Consent,Consent.provision,,1.0,1.0
Consent,Consent.provision.period,,1.0,1.0
Consent,Consent.provision.period.end,1.0,1.0,1.0
Consent,Consent.provision.period.start,1.0,1.0,1.0
Consent,Consent.provision.provision[],1.0,1.0,1.0
Consent,Consent.provision.provision[].code[],1.0,1.0,1.0
Consent,Consent.provision.provision[].code[].coding[],1.0,1.0,1.0
Consent,Consent.provision.provision[].code[].coding[].code,1.0,1.0,1.0
Consent,Consent.provision.provision[].code[].coding[].display,1.0,1.0,1.0
Consent,Consent.provision.provision[].code[].coding[].system,1.0,1.0,1.0
Consent,Consent.provision.provision[].period,,1.0,1.0
Consent,Consent.provision.provision[].period.end,1.0,1.0,1.0
Consent,Consent.provision.provision[].period.start,1.0,1.0,1.0
Consent,Consent.provision.provision[].type,1.0,1.0,1.0
Consent,Consent.provision.type,1.0,1.0,1.0
Consent,Consent.resourceType,1.0,1.0,1.0
Consent,Consent.scope,,1.0,1.0
Consent,Consent.scope.coding[],1.0,1.0,1.0
Consent,Consent.scope.coding[].code,1.0,1.0,1.0
Consent,Consent.scope.coding[].system,1.0,1.0,1.0
Consent,Consent.status,1.0,1.0,1.0
Encounter,Encounter,,1.0,1.0
Encounter,Encounter.class,,1.0,1.0
Encounter,Encounter.class.code,0.5,0.5,0.5
Encounter,Encounter.class.display,0.5,0.5,0.5
Encounter,Encounter.class.extension[http://terminology.hl7.org/CodeSystem/data-absent-reason].valueCode,0.5,0.5,0.5
Encounter,Encounter.class.system,0.5,0.5,0.5
Encounter,Encounter.diagnosis[],1.0,1.0,1.0
Encounter,Encounter.diagnosis[].condition,,1.0,1.0
Encounter,Encounter.diagnosis[].condition._reference,,0.5,0.5
Encounter,Encounter.diagnosis[].condition._reference.extension[http://terminology.hl7.org/CodeSystem/data-absent-reason].valueCode,0.5,0.5,0.5
Encounter,Encounter.diagnosis[].condition.reference,0.5,0.5,0.5
Encounter,Encounter.diagnosis[].use,,0.5,0.5
Encounter,Encounter.diagnosis[].use.coding[],0.5,0.5,0.5
Encounter,Encounter.diagnosis[].use.coding[].code,0.5,0.5,0.5
Encounter,Encounter.diagnosis[].use.coding[].display,0.5,0.5,0.5
Encounter,Encounter.diagnosis[].use.coding[].system,0.5,0.5,0.5
Encounter,Encounter.id,1.0,1.0,1.0
Encounter,Encounter.identifier[],0.5,0.5,0.5
Encounter,Encounter.identifier[]._system,,0.5,0.5
Encounter,Encounter.identifier[]._system.extension[http://terminology.hl7.org/CodeSystem/data-absent-reason].valueCode,0.5,0.5,0.5
Encounter,Encounter.identifier[].assigner,,0.5,0.5
Encounter,Encounter.identifier[].assigner.identifier,,0.5,0.5
Encounter,Encounter.identifier[].assigner.identifier.system,0.5,0.5,0.5
Encounter,Encounter.identifier[].assigner.identifier.value,0.5,0.5,0.5
Encounter,Encounter.identifier[].type,,0.5,0.5
Encounter,Encounter.identifier[].type.coding[],0.5,0.5,0.5
Encounter,Encounter.identifier[].type.coding[].code,0.5,0.5,0.5
Encounter,Encounter.identifier[].type.coding[].system,0.5,0.5,0.5
Encounter,Encounter.identifier[].value,0.5,0.5,0.5
Encounter,Encounter.meta,,1.0,1.0
Encounter,Encounter.meta.profile[],1.0,1.0,1.0
Encounter,Encounter.partOf,,0.5,0.5
Encounter,Encounter.partOf.reference,0.5,0.5,0.5
Encounter,Encounter.period,,1.0,1.0
Encounter,Encounter.period.end,1.0,1.0,1.0
Encounter,Encounter.period.start,1.0,1.0,1.0
Encounter,Encounter.resourceType,1.0,1.0,1.0
Encounter,Encounter.serviceType,,0.5,0.5
Encounter,Encounter.serviceType.coding[],0.5,0.5,0.5
Encounter,Encounter.serviceType.coding[].code,0.5,0.5,0.5
Encounter,Encounter.serviceType.coding[].display,0.5,0.5,0.5
Encounter,Encounter.serviceType.coding[].system,0.5,0.5,0.5
Encounter,Encounter.status,1.0,1.0,1.0
Encounter,Encounter.subject,,1.0,1.0
Encounter,Encounter.subject.reference,1.0,1.0,1.0
Encounter,Encounter.type[],1.0,1.0,1.0
Encounter,Encounter.type[].coding[],1.0,1.0,1.0
Encounter,Encounter.type[].coding[].code,1.0,1.0,1.0
Encounter,Encounter.type[].coding[].display,1.0,1.0,1.0
Medication,Medication,,1.0,1.0
Medication,Medication.code,,1.0,1.0
Medication,Medication.code.coding[],0.75,0.75,0.75
Medication,Medication.code.coding[].code,0.75,0.75,0.75
Medication,Medication.code.coding[].system,0.75,0.75,0.75
Medication,Medication.code.coding[].userSelected,0.5,0.5,0.5
Medication,Medication.code.text,1.0,1.0,1.0
Medication,Medication.id,1.0,1.0,1.0
Medication,Medication.identifier[],1.0,1.0,1.0
Medication,Medication.identifier[].value,1.0,1.0,1.0
Medication,Medication.ingredient[],1.0,1.0,1.0
Medication,Medication.ingredient[].itemCodeableConcept,,1.0,1.0
Medication,Medication.ingredient[].itemCodeableConcept.coding[],1.0,1.0,1.0
Medication,Medication.ingredient[].itemCodeableConcept.coding[]._code,,1.0,1.0
Medication,Medication.ingredient[].itemCodeableConcept.coding[]._code.extension[http://terminology.hl7.org/CodeSystem/data-absent-reason].valueCode,1.0,1.0,1.0
Medication,Medication.ingredient[].itemCodeableConcept.coding[].code,0.0,0.0,0.0
Medication,Medication.ingredient[].itemCodeableConcept.coding[].system,1.0,1.0,1.0
Medication,Medication.ingredient[].itemCodeableConcept.coding[].userSelected,0.0,0.0,0.0
Medication,Medication.ingredient[].strength,,0.99,0.99
Medication,Medication.ingredient[].strength.denominator,,0.99,0.99
Medication,Medication.ingredient[].strength.denominator.code,0.99,0.99,0.99
Medication,Medication.ingredient[].strength.denominator.system,0.99,0.99,0.99
Medication,Medication.ingredient[].strength.denominator.value,0.99,0.99,0.99
Medication,Medication.ingredient[].strength.numerator,,0.99,0.99
Medication,Medication.ingredient[].strength.numerator.code,0.99,0.99,0.99
Medication,Medication.ingredient[].strength.numerator.system,0.99,0.99,0.99
Medication,Medication.ingredient[].strength.numerator.unit,0.99,0.99,0.99
Medication,Medication.ingredient[].strength.numerator.value,0.99,0.99,0.99
Medication,Medication.meta,,1.0,1.0
Medication,Medication.meta.profile[],1.0,1.0,1.0
Medication,Medication.resourceType,1.0,1.0,1.0
MedicationAdministration,MedicationAdministration,,1.0,1.0
MedicationAdministration,MedicationAdministration.context,,0.99,0.99
MedicationAdministration,MedicationAdministration.context.reference,0.99,0.99,0.99
MedicationAdministration,MedicationAdministration.dosage,,1.0,1.0
MedicationAdministration,MedicationAdministration.dosage.dose,,1.0,1.0
MedicationAdministration,MedicationAdministration.dosage.dose.code,0.99,0.99,0.99
MedicationAdministration,MedicationAdministration.dosage.dose.system,0.99,0.99,0.99
MedicationAdministration,MedicationAdministration.dosage.dose.unit,1.0,1.0,1.0
MedicationAdministration,MedicationAdministration.dosage.dose.value,0.99,0.99,0.99
MedicationAdministration,MedicationAdministration.effectiveDateTime,1.0,1.0,1.0
MedicationAdministration,MedicationAdministration.id,1.0,1.0,1.0
MedicationAdministration,MedicationAdministration.medicationReference,,1.0,1.0
MedicationAdministration,MedicationAdministration.medicationReference.reference,1.0,1.0,1.0
MedicationAdministration,MedicationAdministration.meta,,1.0,1.0
MedicationAdministration,MedicationAdministration.meta.profile[],1.0,1.0,1.0
MedicationAdministration,MedicationAdministration.resourceType,1.0,1.0,1.0
MedicationAdministration,MedicationAdministration.status,1.0,1.0,1.0
MedicationAdministration,MedicationAdministration.subject,,1.0,1.0
MedicationAdministration,MedicationAdministration.subject.reference,1.0,1.0,1.0
MedicationStatement,MedicationStatement,,1.0,1.0
MedicationStatement,MedicationStatement.context,,1.0,1.0
MedicationStatement,MedicationStatement.context.reference,1.0,1.0,1.0
MedicationStatement,MedicationStatement.dosage[],1.0,1.0,1.0
MedicationStatement,MedicationStatement.dosage[].doseAndRate[],1.0,1.0,1.0
MedicationStatement,MedicationStatement.dosage[].doseAndRate[].doseQuantity,,1.0,1.0
MedicationStatement,MedicationStatement.dosage[].doseAndRate[].doseQuantity.code,1.0,1.0,1.0
MedicationStatement,MedicationStatement.dosage[].doseAndRate[].doseQuantity.system,1.0,1.0,1.0
MedicationStatement,MedicationStatement.dosage[].doseAndRate[].doseQuantity.unit,0.99,0.99,0.99
MedicationStatement,MedicationStatement.dosage[].doseAndRate[].doseQuantity.value,1.0,1.0,1.0
MedicationStatement,MedicationStatement.effectiveDateTime,1.0,1.0,1.0
MedicationStatement,MedicationStatement.id,1.0,1.0,1.0
MedicationStatement,MedicationStatement.medicationReference,,1.0,1.0
MedicationStatement,MedicationStatement.medicationReference.reference,1.0,1.0,1.0
MedicationStatement,MedicationStatement.meta,,1.0,1.0
MedicationStatement,MedicationStatement.meta.profile[],1.0,1.0,1.0
MedicationStatement,MedicationStatement.resourceType,1.0,1.0,1.0
MedicationStatement,MedicationStatement.status,1.0,1.0,1.0
MedicationStatement,MedicationStatement.subject,,1.0,1.0
MedicationStatement,MedicationStatement.subject.reference,1.0,1.0,1.0
Observation,Observation,,1.0,1.0
Observation,Observation._effectiveDateTime,,0.0,0.0
Observation,Observation._effectiveDateTime.extension[http://terminology.hl7.org/CodeSystem/data-absent-reason].valueCode,0.0,0.0,0.0
Observation,Observation.category[],1.0,1.0,1.0
Observation,Observation.category[].coding[],1.0,1.0,1.0
Observation,Observation.category[].coding[].code,1.0,1.0,1.0
Observation,Observation.category[].coding[].display,1.0,1.0,1.0
Observation,Observation.category[].coding[].system,1.0,1.0,1.0
Observation,Observation.code,,1.0,1.0
Observation,Observation.code.coding[],1.0,1.0,1.0
Observation,Observation.code.coding[].code,1.0,1.0,1.0
Observation,Observation.code.coding[].system,1.0,1.0,1.0
Observation,Observation.code.text,1.0,1.0,1.0
Observation,Observation.effectiveDateTime,1.0,1.0,1.0
Observation,Observation.encounter,,0.97,0.97
Observation,Observation.encounter.reference,0.97,0.97,0.97
Observation,Observation.id,1.0,1.0,1.0
Observation,Observation.identifier[],1.0,1.0,1.0
Observation,Observation.identifier[].assigner,,1.0,1.0
Observation,Observation.identifier[].assigner.identifier,,1.0,1.0
Observation,Observation.identifier[].assigner.identifier.system,1.0,1.0,1.0
Observation,Observation.identifier[].assigner.identifier.value,1.0,1.0,1.0
Observation,Observation.identifier[].system,1.0,1.0,1.0
Observation,Observation.identifier[].type,,1.0,1.0
Observation,Observation.identifier[].type.coding[],1.0,1.0,1.0
Observation,Observation.identifier[].type.coding[].code,1.0,1.0,1.0
Observation,Observation.identifier[].type.coding[].system,1.0,1.0,1.0
Observation,Observation.identifier[].value,1.0,1.0,1.0
Observation,Observation.meta,,1.0,1.0
Observation,Observation.meta.profile[],1.0,1.0,1.0
Observation,Observation.resourceType,1.0,1.0,1.0
Observation,Observation.status,1.0,1.0,1.0
Observation,Observation.subject,,1.0,1.0
Observation,Observation.subject.reference,1.0,1.0,1.0
Observation,Observation.valueQuantity,,1.0,1.0
Observation,Observation.valueQuantity._code,,0.01,0.01
Observation,Observation.valueQuantity._code.extension[http://terminology.hl7.org/CodeSystem/data-absent-reason].valueCode,0.01,0.01,0.01
Observation,Observation.valueQuantity._unit,,0.01,0.01
Observation,Observation.valueQuantity._unit.extension[http://terminology.hl7.org/CodeSystem/data-absent-reason].valueCode,0.01,0.01,0.01
Observation,Observation.valueQuantity._value,,0.09,0.09
Observation,Observation.valueQuantity._value.extension[http://terminology.hl7.org/CodeSystem/data-absent-reason].valueCode,0.09,0.09,0.09
Observation,Observation.valueQuantity.code,0.99,0.99,0.99
Observation,Observation.valueQuantity.comparator,0.0,0.0,0.0
Observation,Observation.valueQuantity.system,1.0,1.0,1.0
Observation,Observation.valueQuantity.unit,0.99,0.99,0.99
Observation,Observation.valueQuantity.value,0.91,0.91,0.91
Patient,Patient,,1.0,1.0
Patient,Patient.address[],1.0,1.0,1.0
Patient,Patient.address[].city,0.0,0.0,0.0
Patient,Patient.address[].country,0.0,0.0,0.0
Patient,Patient.address[].extension[http://terminology.hl7.org/CodeSystem/data-absent-reason].valueCode,1.0,1.0,1.0
Patient,Patient.address[].line[],0.0,0.0,0.0
Patient,Patient.address[].postalCode,0.0,0.0,0.0
Patient,Patient.address[].type,0.0,0.0,0.0
Patient,Patient.birthDate,1.0,1.0,1.0
Patient,Patient.gender,1.0,1.0,1.0
Patient,Patient.generalPractitioner[],0.01,0.01,0.01
Patient,Patient.generalPractitioner[].display,0.01,0.01,0.01
Patient,Patient.id,1.0,1.0,1.0
Patient,Patient.identifier[],1.0,1.0,1.0
Patient,Patient.identifier[].system,1.0,1.0,1.0
Patient,Patient.identifier[].type,,1.0,1.0
Patient,Patient.identifier[].type.coding[],1.0,1.0,1.0
Patient,Patient.identifier[].type.coding[].code,1.0,1.0,1.0
Patient,Patient.identifier[].type.coding[].system,1.0,1.0,1.0
Patient,Patient.identifier[].use,1.0,1.0,1.0
Patient,Patient.identifier[].value,1.0,1.0,1.0
Patient,Patient.meta,,1.0,1.0
Patient,Patient.meta.profile[],1.0,1.0,1.0
Patient,Patient.name[],1.0,1.0,1.0
Patient,Patient.name[].family,1.0,1.0,1.0
Patient,Patient.name[].given[],1.0,1.0,1.0
Patient,Patient.name[].use,1.0,1.0,1.0
Patient,Patient.resourceType,1.0,1.0,1.0
Procedure,Procedure,,1.0,1.0
Procedure,Procedure.category,,1.0,1.0
Procedure,Procedure.category.coding[],1.0,1.0,1.0
Procedure,Procedure.category.coding[]._code,,0.28,0.28
Procedure,Procedure.category.coding[]._code.extension[http://terminology.hl7.org/CodeSystem/data-absent-reason].valueCode,0.28,0.28,0.28
Procedure,Procedure.category.coding[].code,0.72,0.72,0.72
Procedure,Procedure.category.coding[].display,0.72,0.72,0.72
Procedure,Procedure.category.coding[].system,1.0,1.0,1.0
Procedure,Procedure.code,,1.0,1.0
Procedure,Procedure.code.coding[],1.0,1.0,1.0
Procedure,Procedure.code.coding[]._code,,0.28,0.28
Procedure,Procedure.code.coding[]._code.extension[http://terminology.hl7.org/CodeSystem/data-absent-reason].valueCode,0.28,0.28,0.28
Procedure,Procedure.code.coding[].code,0.72,0.72,0.72
Procedure,Procedure.code.coding[].system,1.0,1.0,1.0
Procedure,Procedure.code.coding[].version,1.0,1.0,1.0
Procedure,Procedure.code.text,1.0,1.0,1.0
Procedure,Procedure.id,1.0,1.0,1.0
Procedure,Procedure.meta,,1.0,1.0
Procedure,Procedure.meta.profile[],1.0,1.0,1.0
Procedure,Procedure.performedDateTime,1.0,1.0,1.0
Procedure,Procedure.resourceType,1.0,1.0,1.0
Procedure,Procedure.status,1.0,1.0,1.0
Procedure,Procedure.subject,,1.0,1.0
Procedure,Procedure.subject.reference,1.0,1.0,1.0
